{"cameraMode":{"drawMode":0,"name":"Shaded","section":"Shading Mode"},"sceneLighting":true,"audioPlay":false,"sceneViewState":{"m_AlwaysRefresh":false,"showFog":true,"showSkybox":true,"showFlares":true,"showImageEffects":true,"showParticleSystems":true,"showVisualEffectGraphs":true,"m_FxEnabled":true},"in2DMode":false,"pivot":{"x":-3.727339744567871,"y":2.287574052810669,"z":1.108899474143982},"rotation":{"x":-0.007540935650467873,"y":0.9724608659744263,"z":-0.23088745772838593,"w":-0.031801722943782809},"size":0.14557726681232453,"orthographic":false}