{"cameraMode":{"drawMode":0,"name":"Shaded","section":"Shading Mode"},"sceneLighting":false,"audioPlay":false,"sceneViewState":{"m_AlwaysRefresh":false,"showFog":true,"showSkybox":false,"showFlares":true,"showImageEffects":true,"showParticleSystems":true,"showVisualEffectGraphs":true,"m_FxEnabled":true},"in2DMode":false,"pivot":{"x":-1.3242040872573853,"y":-0.059134408831596377,"z":0.006556294858455658},"rotation":{"x":-0.01413050852715969,"y":0.6995287537574768,"z":-0.013883128762245179,"w":-0.7143635749816895},"size":0.8660253882408142,"orthographic":false}