{"cameraMode":{"drawMode":0,"name":"Shaded","section":"Shading Mode"},"sceneLighting":false,"audioPlay":false,"sceneViewState":{"m_AlwaysRefresh":false,"showFog":true,"showSkybox":false,"showFlares":true,"showImageEffects":true,"showParticleSystems":true,"showVisualEffectGraphs":true,"m_FxEnabled":true},"in2DMode":false,"pivot":{"x":1058.1043701171875,"y":484.2374267578125,"z":-464.27679443359377},"rotation":{"x":-0.03180110082030296,"y":0.01590307056903839,"z":-0.0005065525765530765,"w":-0.999391496181488},"size":1.1277904510498047,"orthographic":false}